{"cameraMode":{"drawMode":0,"name":"Shaded","section":"Shading Mode"},"sceneLighting":false,"audioPlay":false,"sceneViewState":{"showFog":true,"showMaterialUpdate":false,"showSkybox":false,"showFlares":true,"showImageEffects":true,"showParticleSystems":true},"in2DMode":false,"pivot":{"x":-137.52151489257813,"y":29.381690979003908,"z":45.321250915527347},"rotation":{"x":0.00004340124360169284,"y":-0.999842643737793,"z":0.019808603450655938,"w":0.006056060083210468},"size":8.82232666015625,"orthographic":false}