{"cameraMode":{"drawMode":0,"name":"Shaded","section":"Shading Mode"},"sceneLighting":true,"audioPlay":false,"sceneViewState":{"showFog":true,"showMaterialUpdate":false,"showSkybox":true,"showFlares":true,"showImageEffects":true,"showParticleSystems":true},"in2DMode":false,"pivot":{"x":447.9285888671875,"y":0.1456868052482605,"z":31.4410343170166},"rotation":{"x":-0.0015155214350670577,"y":0.992699384689331,"z":-0.012215323746204377,"w":-0.12034950405359268},"size":12.144148826599121,"orthographic":false}