{"cameraMode":{"drawMode":0,"name":"Shaded","section":"Shading Mode"},"sceneLighting":false,"audioPlay":false,"sceneViewState":{"showFog":true,"showMaterialUpdate":false,"showSkybox":false,"showFlares":true,"showImageEffects":true,"showParticleSystems":true},"in2DMode":false,"pivot":{"x":-0.3801453113555908,"y":1.8000092506408692,"z":1.9899916648864747},"rotation":{"x":0.3167494833469391,"y":-0.4411589801311493,"z":0.1705111414194107,"w":0.8227075338363648},"size":4.691483020782471,"orthographic":false}