{"cameraMode":{"drawMode":0,"name":"Shaded","section":"Shading Mode"},"sceneLighting":false,"audioPlay":false,"sceneViewState":{"showFog":true,"showMaterialUpdate":false,"showSkybox":false,"showFlares":true,"showImageEffects":true,"showParticleSystems":true},"in2DMode":false,"pivot":{"x":0.0,"y":-0.012041091918945313,"z":-81.12409210205078},"rotation":{"x":-0.06022270768880844,"y":-0.2230401188135147,"z":0.013754749670624733,"w":-0.9729154706001282},"size":56.98637771606445,"orthographic":false}