{"cameraMode":{"drawMode":0,"name":"Shaded","section":"Shading Mode"},"sceneLighting":false,"audioPlay":false,"sceneViewState":{"showFog":true,"showMaterialUpdate":false,"showSkybox":false,"showFlares":true,"showImageEffects":true,"showParticleSystems":true},"in2DMode":false,"pivot":{"x":14.538585662841797,"y":40.88236999511719,"z":217.0664520263672},"rotation":{"x":-0.09223663061857224,"y":-0.14176030457019807,"z":0.01321825385093689,"w":-0.9855653643608093},"size":70.02111053466797,"orthographic":false}