{"cameraMode":{"drawMode":0,"name":"Shaded","section":"Shading Mode"},"sceneLighting":false,"audioPlay":false,"sceneViewState":{"showFog":true,"showMaterialUpdate":false,"showSkybox":false,"showFlares":true,"showImageEffects":true,"showParticleSystems":true},"in2DMode":false,"pivot":{"x":-0.5286266803741455,"y":3.0793044567108156,"z":1.6670951843261719},"rotation":{"x":0.0229592714458704,"y":0.9711179137229919,"z":-0.2149469554424286,"w":0.10454840213060379},"size":4.848152160644531,"orthographic":false}