{"cameraMode":{"drawMode":0,"name":"Shaded","section":"Shading Mode"},"sceneLighting":false,"audioPlay":false,"sceneViewState":{"showFog":true,"showMaterialUpdate":false,"showSkybox":false,"showFlares":true,"showImageEffects":true,"showParticleSystems":true},"in2DMode":false,"pivot":{"x":61.80064392089844,"y":-4.780857086181641,"z":138.39186096191407},"rotation":{"x":-0.01618512161076069,"y":-0.2742689549922943,"z":0.004537559114396572,"w":-0.9615662097930908},"size":80.56800842285156,"orthographic":false}