{"cameraMode":{"drawMode":0,"name":"Shaded","section":"Shading Mode"},"sceneLighting":false,"audioPlay":false,"sceneViewState":{"showFog":true,"showMaterialUpdate":false,"showSkybox":false,"showFlares":true,"showImageEffects":true,"showParticleSystems":true},"in2DMode":false,"pivot":{"x":0.0,"y":-0.0624813437461853,"z":-0.012500017881393433},"rotation":{"x":-0.0005311634158715606,"y":0.9998774528503418,"z":-0.028811104595661165,"w":-0.011279997415840626},"size":1.9951350688934327,"orthographic":false}