{"cameraMode":{"drawMode":0,"name":"Shaded","section":"Shading Mode"},"sceneLighting":true,"audioPlay":false,"sceneViewState":{"showFog":true,"showMaterialUpdate":false,"showSkybox":false,"showFlares":true,"showImageEffects":true,"showParticleSystems":true},"in2DMode":false,"pivot":{"x":0.0,"y":-5.960464477539063e-8,"z":1.1920928955078126e-7},"rotation":{"x":0.38311338424682619,"y":0.141060471534729,"z":-0.05868261680006981,"w":0.9114880561828613},"size":0.5744563937187195,"orthographic":false}